source_stage,benchmark,resolution,max_new_tokens,iteration_idx,run_id,sample_id,num_visual_tokens_before_merger,num_visual_tokens_after_merger,actual_generated_tokens,image_preprocess_ms,processor_ms,visual_encoder_ms,visual_merger_ms,patch_embed_ms,window_attn_total_ms,full_attn_total_ms,llm_prefill_ms,ttft_ms,decode_loop_ms,tpot_ms,e2e_ms,request_total_ms,request_output_tok_s,decode_only_tok_s,f_vision,f_visual_prefill,f_decode
stage8_breakdown,docvqa,1792,64,0,iter000,docvqa_49153,16384,4096,31,233.417,233.417,356.864,0.733,2.311,319.33,28.151,416.74,419.777,653.02,21.767,1072.797,1306.214,28.896,45.94,0.332648,0.721109,0.608708
stage8_breakdown,docvqa,1792,64,1,iter001,docvqa_24580,16384,4096,16,167.201,167.201,366.478,0.73,2.294,328.817,28.295,426.193,428.626,334.26,22.284,762.886,930.087,20.973,44.875,0.480383,1.039043,0.438152
stage8_breakdown,docvqa,1792,64,2,iter002,docvqa_57349,16384,4096,11,221.52,221.52,361.957,0.732,2.319,324.596,28.133,777.752,780.542,213.344,21.334,993.886,1215.405,11.068,46.873,0.364184,1.14672,0.214656
stage8_breakdown,docvqa,1792,64,3,iter003,docvqa_24581,16384,4096,9,170.635,170.635,359.219,0.733,2.269,322.035,28.154,418.54,420.804,172.991,21.624,593.795,764.431,15.157,46.245,0.604955,1.309811,0.291332
stage8_breakdown,docvqa,1792,64,4,iter004,docvqa_24582,16384,4096,10,185.515,185.515,358.208,0.727,2.285,321.379,28.14,779.885,782.113,194.712,21.635,976.825,1162.34,10.237,46.222,0.366707,1.165094,0.199332
stage5_res1792,docvqa,1792,64,0,iter000,docvqa_49153,16384,4096,31,227.955,227.955,358.701,0.731,2.288,320.972,28.225,418.936,421.543,664.289,22.143,1085.832,1313.787,28.55,45.161,0.330346,0.716167,0.611779
stage5_res1792,docvqa,1792,64,1,iter001,docvqa_24580,16384,4096,16,173.341,173.341,360.737,0.731,2.321,323.929,28.169,420.584,423.155,333.363,22.224,756.518,929.859,21.15,44.996,0.476839,1.032786,0.440654
stage5_res1792,docvqa,1792,64,2,iter002,docvqa_57349,16384,4096,11,202.543,202.543,361.822,0.733,2.263,325.007,28.141,778.856,781.1,222.39,22.239,1003.49,1206.033,10.962,44.966,0.360563,1.13671,0.221617
stage5_res1792,docvqa,1792,64,3,iter003,docvqa_24581,16384,4096,9,179.767,179.767,363.246,0.732,2.267,325.719,28.165,422.978,425.215,180.052,22.506,605.267,785.034,14.869,44.432,0.600141,1.29897,0.297475
stage5_res1792,docvqa,1792,64,4,iter004,docvqa_24582,16384,4096,10,167.356,167.356,361.305,0.729,2.301,324.474,28.139,782.323,784.525,196.164,21.796,980.689,1148.044,10.197,45.88,0.36842,1.166147,0.200027
stage6_tok64,docvqa,1792,64,0,iter000,docvqa_49153,16384,4096,31,241.733,241.733,353.926,0.731,2.288,316.709,28.137,413.782,416.422,646.358,21.545,1062.78,1304.513,29.169,46.414,0.333019,0.722358,0.608177
stage6_tok64,docvqa,1792,64,1,iter001,docvqa_24580,16384,4096,16,185.205,185.205,347.036,0.73,2.259,309.72,28.136,406.87,409.125,313.266,20.884,722.391,907.597,22.149,47.883,0.480399,1.043625,0.433652
stage6_tok64,docvqa,1792,64,2,iter002,docvqa_57349,16384,4096,11,217.759,217.759,397.592,0.732,2.26,360.312,28.305,826.25,828.478,222.423,22.242,1050.901,1268.66,10.467,44.959,0.378334,1.164564,0.21165
stage6_tok64,docvqa,1792,64,3,iter003,docvqa_24581,16384,4096,9,172.305,172.305,353.889,0.734,2.285,316.045,28.148,413.934,416.161,172.915,21.614,589.076,761.381,15.278,46.266,0.600753,1.303437,0.293536
stage6_tok64,docvqa,1792,64,4,iter004,docvqa_24582,16384,4096,10,179.229,179.229,356.788,0.727,2.313,319.929,28.205,779.597,782.057,194.809,21.645,976.865,1156.094,10.237,46.199,0.365238,1.163297,0.199422
stage6_tok32,docvqa,1792,32,0,iter000,docvqa_49153,16384,4096,31,225.203,225.203,355.4,0.729,2.287,318.528,28.13,415.17,417.741,663.624,22.121,1081.365,1306.568,28.667,45.206,0.328659,0.712591,0.613691
stage6_tok32,docvqa,1792,32,1,iter001,docvqa_24580,16384,4096,16,195.399,195.399,345.424,0.729,2.281,308.123,28.121,405.004,407.413,324.583,21.639,731.996,927.394,21.858,46.213,0.471893,1.02518,0.443422
stage6_tok32,docvqa,1792,32,2,iter002,docvqa_57349,16384,4096,11,218.791,218.791,349.633,0.73,2.263,312.493,28.112,765.499,767.892,222.185,22.219,990.077,1208.868,11.11,45.007,0.353137,1.126308,0.224412
stage6_tok32,docvqa,1792,32,3,iter003,docvqa_24581,16384,4096,9,174.686,174.686,357.068,0.733,2.273,319.636,28.14,416.802,419.121,178.322,22.29,597.442,772.128,15.064,44.863,0.597662,1.295306,0.298475
stage6_tok32,docvqa,1792,32,4,iter004,docvqa_24582,16384,4096,10,184.548,184.548,346.309,0.727,2.273,306.995,28.073,760.638,762.832,198.657,22.073,961.489,1146.037,10.401,45.304,0.360179,1.151283,0.206614
stage6_tok256,docvqa,1792,256,0,iter000,docvqa_49153,16384,4096,31,235.947,235.947,352.776,0.73,2.288,315.319,28.136,412.658,415.19,646.115,21.537,1061.305,1297.252,29.209,46.431,0.332398,0.72122,0.608793
stage6_tok256,docvqa,1792,256,1,iter001,docvqa_24580,16384,4096,16,155.631,155.631,353.111,0.73,2.273,316.597,28.142,412.584,414.833,326.533,21.769,741.366,896.997,21.582,45.937,0.476298,1.032817,0.440447
stage6_tok256,docvqa,1792,256,2,iter002,docvqa_57349,16384,4096,11,229.733,229.733,353.362,0.731,2.266,315.184,28.094,767.27,769.66,216.247,21.625,985.907,1215.64,11.157,46.243,0.358413,1.136651,0.219338
stage6_tok256,docvqa,1792,256,3,iter003,docvqa_24581,16384,4096,9,188.037,188.037,356.165,0.73,2.278,319.627,28.131,415.529,417.738,174.606,21.826,592.343,780.381,15.194,45.818,0.601281,1.302782,0.294771
stage6_tok256,docvqa,1792,256,4,iter004,docvqa_24582,16384,4096,10,193.882,193.882,351.162,0.728,2.268,313.785,28.147,775.746,778.072,194.338,21.593,972.411,1166.292,10.284,46.311,0.361125,1.158881,0.199852
stage6_tok1024,docvqa,1792,1024,0,iter000,docvqa_49153,16384,4096,31,227.593,227.593,349.653,0.73,2.293,312.165,28.151,409.483,412.259,640.873,21.362,1053.132,1280.725,29.436,46.811,0.332013,0.720837,0.60854
stage6_tok1024,docvqa,1792,1024,1,iter001,docvqa_24580,16384,4096,16,185.908,185.908,354.389,0.729,2.294,317.245,28.183,414.016,416.53,326.141,21.743,742.671,928.579,21.544,45.992,0.477182,1.03465,0.439146
stage6_tok1024,docvqa,1792,1024,2,iter002,docvqa_57349,16384,4096,11,221.664,221.664,349.393,0.729,2.299,311.15,28.131,769.736,772.161,214.664,21.466,986.826,1208.49,11.147,46.584,0.354057,1.134069,0.21753
stage6_tok1024,docvqa,1792,1024,3,iter003,docvqa_24581,16384,4096,9,176.968,176.968,351.64,0.731,2.291,315.121,28.111,411.357,413.695,167.473,20.934,581.169,758.137,15.486,47.769,0.605057,1.312867,0.288167
stage6_tok1024,docvqa,1792,1024,4,iter004,docvqa_24582,16384,4096,10,172.144,172.144,354.162,0.726,2.263,316.902,28.116,769.053,771.275,199.972,22.219,971.247,1143.391,10.296,45.006,0.364647,1.156467,0.205892
